date	een_jaar_geleden_permill	twee_jaar_geleden_permill	drie_jaar_geleden_permill	vier_jaar_geleden_permill	vijf_jaar_geleden_permill	zes_jaar_geleden_permill	zeven_jaar_geleden_permill	acht_jaar_geleden_permill	negen_jaar_geleden_permill	tien_jaar_geleden_permill	elf_jaar_geleden_permill	twaalf_jaar_geleden_permill	dertien_jaar_geleden_permill	veertien_jaar_geleden_permill	vijftien_jaar_geleden_permill	zestien_jaar_geleden_permill	zeventien_jaar_geleden_permill	achttien_jaar_geleden_permill	negentien_jaar_geleden_permill	twintig_jaar_geleden_permill	dertig_jaar_geleden_permill	veertig_jaar_geleden_permill	vijftig_jaar_geleden_permill	zestig_jaar_geleden_permill	zeventig_jaar_geleden_permill	tachtig_jaar_geleden_permill	negentig_jaar_geleden_permill	honderd_jaar_geleden_permill	100_jaar_geleden_permill	honderdtien_jaar_geleden_permill	honderdtwintig_jaar_geleden_permill	honderddertig_jaar_geleden_permill	honderdveertig_jaar_geleden_permill	honderdvijftig_jaar_geleden_permill	honderdzestig_jaar_geleden_permill	honderdzeventig_jaar_geleden_permill	honderdtachtig_jaar_geleden_permill	honderdnegentig_jaar_geleden_permill	tweehonderd_jaar_geleden_permill	200_jaar_geleden_permill	no_words
1940	1.7952085882778863	0.9973381045988258	0.09973381045988257	0.09973381045988257	0.0	0.09973381045988257	0.09973381045988257	0.09973381045988257	0.0	0.4986690522994129	0.09973381045988257	0.09973381045988257	0.0	0.0	0.0	0.09973381045988257	0.0	0.0	0.0	1.0970719150587085	0.2992014313796477	0.698136673219178	0.3989352418395303	0.2992014313796477	0.09973381045988257	0.0	0.0	0.19946762091976514	0.0	0.0	0.0	0.0	0.0	0.0	0.0	0.0	0.0	0.0	0.0	0.0	10026690
1941	0.923509693927339	0.3078365646424463	0.3078365646424463	0.41044875285659504	0.3078365646424463	0.0	0.10261218821414876	0.20522437642829752	0.0	0.7182853174990413	0.10261218821414876	0.10261218821414876	0.0	0.0	0.0	0.0	0.0	0.0	0.0	0.20522437642829752	0.3078365646424463	0.3078365646424463	0.6156731292848926	0.20522437642829752	0.0	0.20522437642829752	0.0	0.5130609410707438	0.10261218821414876	0.0	0.0	0.0	0.0	0.0	0.0	0.0	0.0	0.0	0.0	0.0	9745431
1945	3.2490852741924723	0.43321136989232967	0.43321136989232967	0.8664227397846593	1.299634109676989	0.0	0.0	0.21660568494616483	0.0	0.8664227397846593	0.0	0.21660568494616483	0.21660568494616483	0.0	0.0	0.0	0.0	0.0	0.0	0.43321136989232967	0.0	0.0	0.43321136989232967	0.0	0.43321136989232967	0.0	0.0	1.0830284247308242	0.0	0.0	0.0	0.0	0.0	0.0	0.0	0.0	0.0	0.0	0.0	0.21660568494616483	4616684
1946	3.6074134872352124	1.172409383351444	0.270556011542641	0.36074134872352126	0.09018533718088032	0.36074134872352126	0.09018533718088032	0.0	0.0	0.7214826974470425	0.09018533718088032	0.09018533718088032	0.09018533718088032	0.0	0.09018533718088032	0.0	0.09018533718088032	0.0	0.0	0.541112023085282	0.270556011542641	0.09018533718088032	0.45092668590440155	0.09018533718088032	0.18037067436176063	0.0	0.0	0.9018533718088031	0.09018533718088032	0.0	0.0	0.0	0.0	0.0	0.0	0.0	0.0	0.0	0.0	0.09018533718088032	11088277
1947	3.135497278236645	1.4160310288810654	0.4045802939660187	0.20229014698300934	0.30343522047451404	0.30343522047451404	0.20229014698300934	0.0	0.0	0.7080155144405327	0.0	0.10114507349150467	0.0	0.0	0.10114507349150467	0.10114507349150467	0.10114507349150467	0.0	0.0	0.9103056614235421	0.20229014698300934	0.0	0.5057253674575234	0.10114507349150467	0.10114507349150467	0.0	0.0	0.8091605879320374	0.0	0.0	0.0	0.0	0.0	0.0	0.0	0.0	0.0	0.0	0.0	0.0	9886789
1948	2.8836436600787216	1.9773556526254092	0.7415083697345284	0.32955927543756824	0.16477963771878412	0.16477963771878412	0.08238981885939206	0.08238981885939206	0.16477963771878412	1.1534574640314887	0.0	0.08238981885939206	0.08238981885939206	0.0	0.32955927543756824	0.0	0.08238981885939206	0.0	0.0	0.4943389131563523	0.4943389131563523	0.08238981885939206	0.6591185508751365	0.32955927543756824	0.16477963771878412	0.0	0.0	0.7415083697345284	0.24716945657817616	0.0	0.0	0.0	0.0	0.16477963771878412	0.0	0.0	0.0	0.0	0.0	0.0	12137422
1949	2.5393065610856853	1.6928710407237904	0.5925048642533266	0.4232177601809476	0.16928710407237904	0.08464355203618952	0.16928710407237904	0.2539306561085686	0.08464355203618952	1.7775145927599798	0.2539306561085686	0.2539306561085686	0.0	0.0	0.2539306561085686	0.16928710407237904	0.0	0.08464355203618952	0.0	0.9310790723980847	0.6771484162895162	0.4232177601809476	0.3385742081447581	0.5925048642533266	0.08464355203618952	0.0	0.0	0.7617919683257057	0.08464355203618952	0.0	0.0	0.0	0.0	0.0	0.0	0.0	0.0	0.0	0.08464355203618952	0.08464355203618952	11814249
1950	2.50280021630868	1.6685334775391198	1.167973434277384	0.41713336938477996	0.583986717138692	0.250280021630868	0.166853347753912	0.166853347753912	0.083426673876956	1.6685334775391198	0.0	0.166853347753912	0.083426673876956	0.166853347753912	0.333706695507824	0.166853347753912	0.0	0.083426673876956	0.0	1.334826782031296	0.500560043261736	0.250280021630868	0.583986717138692	0.583986717138692	0.166853347753912	0.083426673876956	0.0	0.667413391015648	0.083426673876956	0.083426673876956	0.0	0.0	0.0	0.0	0.0	0.0	0.0	0.0	0.0	0.166853347753912	11986574
1951	2.5792699943720327	2.235367328455762	0.6878053318325421	0.34390266591627106	0.7737809983116098	0.2579269994372033	0.17195133295813553	0.08597566647906776	0.08597566647906776	0.34390266591627106	0.0	0.08597566647906776	0.0	0.0	0.0	0.0	0.0	0.08597566647906776	0.0	0.8597566647906777	0.34390266591627106	0.2579269994372033	0.5158539988744066	0.34390266591627106	0.0	0.0	0.0	0.6878053318325421	0.0	0.0	0.0	0.0	0.0	0.0	0.0	0.0	0.0	0.0	0.0	0.0	11631198
1952	3.8268689411396464	3.189057450949705	0.7972643627374263	1.1958965441061393	0.5580850539161984	0.5580850539161984	0.15945287254748525	0.39863218136871315	0.07972643627374262	1.116170107832397	0.15945287254748525	0.0	0.2391793088212279	0.0	0.07972643627374262	0.07972643627374262	0.0	0.07972643627374262	0.0	1.3553494166536246	0.3189057450949705	0.4783586176424558	1.116170107832397	0.2391793088212279	0.0	0.15945287254748525	0.0	0.9567172352849116	0.07972643627374262	0.0	0.0	0.0	0.0	0.0	0.0	0.0	0.0	0.0	0.07972643627374262	0.0	12542891
1953	1.6899541062236016	1.766770201961038	1.8435862976984745	0.4608965744246186	0.7681609573743644	0.0	0.1536321914748729	0.1536321914748729	0.1536321914748729	1.3058736275364193	0.0	0.0	0.2304482872123093	0.07681609573743645	0.2304482872123093	0.0	0.1536321914748729	0.0	0.07681609573743645	0.9986092445866738	0.537712670162055	0.07681609573743645	1.07542534032411	0.537712670162055	0.07681609573743645	0.0	0.0	1.07542534032411	0.07681609573743645	0.0	0.0	0.0	0.0	0.07681609573743645	0.0	0.0	0.0	0.0	0.07681609573743645	0.07681609573743645	13018105
1954	3.7664051870636834	1.6985748882836218	0.8123619030921669	0.5908086567943032	0.9600640672907427	0.2954043283971516	0.0738510820992879	0.5908086567943032	0.1477021641985758	1.1077662314893186	0.0738510820992879	0.1477021641985758	0.0	0.0738510820992879	0.1477021641985758	0.0	0.0738510820992879	0.0738510820992879	0.0	0.5908086567943032	0.44310649259572743	0.44310649259572743	0.9600640672907427	0.22155324629786372	0.1477021641985758	0.0738510820992879	0.0	0.9600640672907427	0.36925541049643956	0.0	0.0	0.0	0.0	0.0	0.0	0.0	0.0	0.0	0.0738510820992879	0.0738510820992879	13540763
1955	2.2533190262597294	2.328429660468387	1.4271020499644953	0.6759957078779188	1.1266595131298647	0.07511063420865764	0.2253319026259729	0.15022126841731528	0.07511063420865764	2.027987123633756	0.15022126841731528	0.0	0.0	0.0	0.15022126841731528	0.0	0.07511063420865764	0.0	0.0	0.3755531710432882	0.826216976295234	0.0	0.2253319026259729	0.0	0.07511063420865764	0.15022126841731528	0.0	0.6759957078779188	0.2253319026259729	0.0	0.0	0.0	0.0	0.0	0.0	0.0	0.0	0.0	0.07511063420865764	0.15022126841731528	13313694
1956	2.248853298071314	2.4039466289727836	1.2407466472117592	1.2407466472117592	0.6203733236058796	0.46527999270440973	0.3101866618029398	0.23263999635220486	0.38773332725367476	0.9305599854088195	0.07754666545073495	0.0	0.0	0.0	0.1550933309014699	0.0	0.0	0.0	0.1550933309014699	0.6203733236058796	0.3101866618029398	0.38773332725367476	0.38773332725367476	0.07754666545073495	0.0	0.0	0.0	0.46527999270440973	0.23263999635220486	0.0	0.0	0.0	0.0	0.0	0.0	0.0	0.0	0.0	0.07754666545073495	0.07754666545073495	12895461
1957	2.752246148993961	2.67786111794007	1.0413904347544716	0.8182353415927992	0.5950802484311267	0.14877006210778168	0.44631018632334507	0.22315509316167254	0.22315509316167254	1.1901604968622534	0.07438503105389084	0.44631018632334507	0.22315509316167254	0.0	0.07438503105389084	0.0	0.0	0.07438503105389084	0.0	0.967005403700581	0.5206952173772358	0.5206952173772358	0.5950802484311267	0.22315509316167254	0.22315509316167254	0.07438503105389084	0.0	0.5950802484311267	0.14877006210778168	0.0	0.0	0.0	0.0	0.07438503105389084	0.0	0.0	0.0	0.0	0.0	0.07438503105389084	13443565
1958	3.363355320812474	2.9722674928110235	1.1732634840043514	0.6257405248023208	0.6257405248023208	0.46930539360174056	0.5475229592020306	0.3128702624011604	0.0782175656002901	1.4861337464055118	0.0782175656002901	0.0782175656002901	0.0782175656002901	0.23465269680087028	0.0782175656002901	0.0	0.0	0.0782175656002901	0.0	0.6257405248023208	0.3910878280014505	0.3128702624011604	0.6257405248023208	0.1564351312005802	0.0782175656002901	0.0	0.0782175656002901	0.6257405248023208	0.0	0.0	0.0	0.0	0.0	0.0	0.0	0.0	0.0	0.0	0.0	0.0	12784852
1959	2.5851859709540568	3.0160502994463996	1.2925929854770284	0.6893829255877485	0.6893829255877485	0.5170371941908113	0.08617286569846856	0.25851859709540564	0.17234573139693712	1.981975911064777	0.17234573139693712	0.0	0.08617286569846856	0.08617286569846856	0.17234573139693712	0.0	0.0	0.08617286569846856	0.0	1.0340743883816226	0.25851859709540564	0.34469146279387425	1.1202472540800914	0.17234573139693712	0.08617286569846856	0.08617286569846856	0.0	0.5170371941908113	0.0	0.0	0.0	0.0	0.0	0.08617286569846856	0.0	0.0	0.0	0.0	0.0	0.0	11604581
1960	1.982909455930829	2.2879724491509563	1.2965177211855419	0.9914547279654145	1.1439862245754782	0.9151889796603826	0.0	0.3813287415251594	0.22879724491509565	1.2965177211855419	0.07626574830503188	0.4575944898301913	0.0	0.15253149661006377	0.22879724491509565	0.0	0.0	0.0	0.0	0.30506299322012753	0.22879724491509565	0.5338602381352231	0.30506299322012753	0.0	0.07626574830503188	0.07626574830503188	0.07626574830503188	0.9151889796603826	0.0	0.0	0.0	0.0	0.0	0.0	0.0	0.0	0.0	0.0	0.0	0.0	13112046
1961	2.207781819528102	2.5474405609939637	1.3586349658634473	0.7642321682981891	1.103890909764051	0.5944027975652582	0.16982937073293092	0.33965874146586184	0.08491468536646546	2.4625258756274984	0.0	0.33965874146586184	0.33965874146586184	0.08491468536646546	0.2547440560993964	0.08491468536646546	0.08491468536646546	0.08491468536646546	0.0	0.08491468536646546	0.5944027975652582	0.16982937073293092	0.5944027975652582	0.0	0.16982937073293092	0.0	0.08491468536646546	0.8491468536646546	0.0	0.0	0.0	0.0	0.0	0.0	0.0	0.0	0.0	0.0	0.0	0.0	11776526
1962	2.1404532100495706	2.299005299682872	1.0305885826164598	1.1891406722497613	0.9513125377998091	0.7927604481665076	0.15855208963330153	0.3963802240832538	0.31710417926660306	2.299005299682872	0.0	0.31710417926660306	0.23782813444995227	0.07927604481665076	0.15855208963330153	0.15855208963330153	0.0	0.0	0.0	0.7927604481665076	0.47565626889990453	0.23782813444995227	0.7134844033498569	0.15855208963330153	0.15855208963330153	0.07927604481665076	0.07927604481665076	0.7927604481665076	0.0	0.0	0.0	0.0	0.0	0.15855208963330153	0.0	0.0	0.0	0.0	0.0	0.0	12614151
1963	2.2438894682486836	2.484306196989614	1.1219447341243418	0.641111276642481	1.0418058245440316	0.641111276642481	0.2404167287409304	0.4808334574818608	0.0	1.202083643704652	0.08013890958031013	0.0	0.2404167287409304	0.0	0.08013890958031013	0.0	0.08013890958031013	0.0	0.0	0.4006945479015506	0.4006945479015506	0.641111276642481	0.4006945479015506	0.3205556383212405	0.08013890958031013	0.08013890958031013	0.0	0.5609723670621709	0.2404167287409304	0.0	0.08013890958031013	0.0	0.0	0.08013890958031013	0.0	0.0	0.0	0.0	0.0	0.08013890958031013	12478333
1964	2.6398843796638816	2.8873735402573706	1.3199421898319408	1.3199421898319408	0.9899566423739556	0.41248193432248154	0.1649927737289926	0.5774747080514742	0.0	2.2274024453414003	0.0824963868644963	0.1649927737289926	0.0824963868644963	0.1649927737289926	0.3299855474579852	0.0824963868644963	0.0824963868644963	0.0824963868644963	0.0	0.41248193432248154	0.1649927737289926	0.4949783211869778	0.2474891605934889	0.2474891605934889	0.0824963868644963	0.0	0.0	0.2474891605934889	0.0824963868644963	0.0	0.0	0.0	0.0	0.0	0.0	0.0	0.0	0.0	0.0	0.0	12121743
1965	2.2133807414046984	3.5872032705524424	1.4501460029892852	1.2211755814646612	0.7632347384154133	0.3052938953661653	0.5342643168907892	0.38161736920770667	0.15264694768308265	3.0529389536616534	0.07632347384154133	0.22897042152462396	0.22897042152462396	0.07632347384154133	0.4579408430492479	0.07632347384154133	0.0	0.07632347384154133	0.0	1.2211755814646612	0.38161736920770667	0.6105877907323306	0.5342643168907892	0.3052938953661653	0.0	0.0	0.0	1.0685286337815785	0.22897042152462396	0.0	0.0	0.0	0.0	0.0	0.0	0.0	0.0	0.0	0.07632347384154133	0.07632347384154133	13102129
1966	3.3284485577041893	3.5780821995320036	1.4978018509668851	0.9985345673112569	0.7489009254834426	0.7489009254834426	0.41605606971302367	0.49926728365562845	0.16642242788520945	3.16202612981898	0.24963364182781422	0.16642242788520945	0.3328448557704189	0.0	0.16642242788520945	0.0	0.24963364182781422	0.08321121394260472	0.0	0.8321121394260473	0.6656897115408378	0.49926728365562845	0.16642242788520945	0.0	0.16642242788520945	0.0	0.0	0.6656897115408378	0.08321121394260472	0.0	0.0	0.0	0.0	0.0	0.0	0.0	0.0	0.0	0.0	0.08321121394260472	12017611
1967	2.702480773408421	2.4945976369923883	1.4551819549122265	1.1780044396908502	0.6929437880534411	0.06929437880534413	0.3464718940267206	0.20788313641603234	0.13858875761068826	1.9402426065496352	0.13858875761068826	0.13858875761068826	0.0	0.13858875761068826	0.3464718940267206	0.06929437880534413	0.13858875761068826	0.0	0.0	0.6236494092480971	0.20788313641603234	0.4850606516374088	0.554355030442753	0.06929437880534413	0.06929437880534413	0.0	0.0	0.4157662728320647	0.0	0.0	0.0	0.0	0.0	0.0	0.0	0.0	0.0	0.0	0.0	0.06929437880534413	14431185
1968	3.15959114627268	3.15959114627268	1.1190218643049075	1.5139707575889922	0.6582481554734749	0.26329926218939	0.1974744466420425	0.394948893284085	0.0	1.5139707575889922	0.131649631094695	0.131649631094695	0.0658248155473475	0.0	0.26329926218939	0.0	0.131649631094695	0.0	0.0	1.05319704875756	0.32912407773673746	0.5924233399261274	0.394948893284085	0.0	0.0	0.0	0.0	0.4607737088314325	0.0658248155473475	0.0	0.0	0.0	0.0	0.0	0.0	0.0	0.0	0.0	0.131649631094695	0.0658248155473475	15191839
1969	2.2228033472803346	3.6610878661087867	1.9612970711297073	0.7191422594142259	0.9806485355648537	0.3922594142259414	0.32688284518828453	0.3922594142259414	0.2615062761506276	1.9612970711297073	0.1307531380753138	0.32688284518828453	0.1307531380753138	0.1307531380753138	0.1961297071129707	0.1961297071129707	0.0	0.2615062761506276	0.0	0.7845188284518828	0.1307531380753138	0.2615062761506276	0.5883891213389122	0.0	0.0	0.0	0.0	0.7191422594142259	0.0	0.0	0.0	0.0	0.0	0.0	0.0	0.0	0.0	0.0	0.1307531380753138	0.1307531380753138	15296000
1970	2.59774737286957	2.7244667569119883	1.3305535324453894	0.9503953803181353	1.1404744563817624	0.5702372281908812	0.3167984601060451	0.3801581521272542	0.12671938404241803	1.0771147643605534	0.12671938404241803	0.06335969202120902	0.0	0.06335969202120902	0.1900790760636271	0.12671938404241803	0.0	0.0	0.0	1.0137550723393443	0.06335969202120902	0.3801581521272542	0.3167984601060451	0.0	0.0	0.0	0.0	0.4435178441484632	0.1900790760636271	0.0	0.0	0.0	0.0	0.0	0.0	0.0	0.0	0.0	0.1900790760636271	0.12671938404241803	15782905
1971	2.802708302658343	3.389321668331019	1.4991230456079507	0.8473304170827548	1.2384059941978725	0.4562548399676372	0.1955377885575588	0.1955377885575588	0.0651792628525196	1.62948157131299	0.0651792628525196	0.1303585257050392	0.0	0.0651792628525196	0.1955377885575588	0.0	0.0651792628525196	0.1303585257050392	0.0651792628525196	0.7169718913777156	0.0	0.2607170514100784	0.1955377885575588	0.0	0.0	0.0	0.0	0.4562548399676372	0.0	0.0	0.0	0.0	0.0	0.0	0.0	0.0	0.0	0.0	0.0651792628525196	0.0	15342303
1972	2.8815382594277708	4.518775906829914	1.1788111061295428	1.2443006120256284	0.4584265412725999	0.5894055530647714	0.32744752948042855	0.2619580235843428	0.0654895058960857	1.5717481415060568	0.0654895058960857	0.32744752948042855	0.0	0.0	0.1964685176882571	0.0	0.0	0.0654895058960857	0.0	0.5239160471686856	0.1964685176882571	0.0	0.32744752948042855	0.0654895058960857	0.0654895058960857	0.0	0.1309790117921714	0.2619580235843428	0.0654895058960857	0.0	0.0	0.0	0.0	0.0	0.0	0.0	0.0	0.0	0.0	0.0	15269622
1973	2.2054318070070735	3.430671699788781	1.7153358498943905	0.7964059303081098	1.0414539088644512	0.36757196783451224	0.4288339624735976	0.24504797855634147	0.0	2.3892177909243295	0.06126199463908537	0.12252398927817074	0.12252398927817074	0.06126199463908537	0.49009595711268295	0.12252398927817074	0.06126199463908537	0.06126199463908537	0.0	0.36757196783451224	0.30630997319542685	0.18378598391725612	0.30630997319542685	0.06126199463908537	0.06126199463908537	0.0	0.0	0.36757196783451224	0.0	0.0	0.0	0.0	0.0	0.0	0.0	0.0	0.0	0.0	0.0	0.0	16323334
1974	2.541270228511019	3.5808807765382538	1.3861473973696468	1.5016596804837838	1.2706351142555095	0.4042929908994803	0.28878070778534304	0.11551228311413723	0.05775614155706862	1.4439035389267152	0.05775614155706862	0.05775614155706862	0.11551228311413723	0.0	0.3465368493424117	0.0	0.0	0.0	0.0	0.5775614155706861	0.46204913245654894	0.17326842467120585	0.4042929908994803	0.05775614155706862	0.11551228311413723	0.0	0.0	0.6930736986848234	0.05775614155706862	0.0	0.0	0.0	0.0	0.0	0.0	0.0	0.0	0.0	0.0	0.05775614155706862	17314176
1975	2.308266386101579	4.7854303126496145	1.1259836029763801	0.619290981637009	1.520077864018113	0.450393441190552	0.225196720595276	0.337795080892914	0.168897540446457	1.801573764762208	0.112598360297638	0.056299180148819	0.056299180148819	0.056299180148819	0.112598360297638	0.056299180148819	0.0	0.0	0.0	0.675590161785828	0.450393441190552	0.28149590074409503	0.394094261041733	0.0	0.0	0.112598360297638	0.0	0.619290981637009	0.056299180148819	0.0	0.0	0.0	0.0	0.0	0.0	0.0	0.0	0.0	0.056299180148819	0.0	17762248
1976	4.031153465360328	3.9125901281438478	1.600605052422483	2.015576732680164	0.5928166860824012	0.3556900116494407	0.41497168025768083	0.3556900116494407	0.23712667443296045	2.134140069896644	0.23712667443296045	0.23712667443296045	0.11856333721648023	0.059281668608240114	0.4742533488659209	0.0	0.0	0.0	0.0	0.2964083430412006	0.17784500582472035	0.23712667443296045	0.0	0.059281668608240114	0.059281668608240114	0.0	0.0	0.4742533488659209	0.0	0.0	0.0	0.0	0.0	0.0	0.0	0.0	0.0	0.0	0.11856333721648023	0.17784500582472035	16868621
1977	2.670213218432787	4.259625848452304	2.0344481664249807	1.2715301040156128	1.1443770936140514	0.5721885468070257	0.3178825260039032	0.1271530104015613	0.2543060208031226	1.780142145621858	0.0	0.06357650520078065	0.06357650520078065	0.06357650520078065	0.5086120416062452	0.0	0.0	0.0	0.0	0.7629180624093678	0.5086120416062452	0.06357650520078065	0.5086120416062452	0.1271530104015613	0.06357650520078065	0.0	0.0	0.890071072810929	0.0	0.0	0.0	0.0	0.0	0.0	0.0	0.0	0.0	0.0	0.1271530104015613	0.06357650520078065	15729081
1978	3.0805753359511807	4.556684351094455	1.7970022793048555	2.1178955434664366	1.668644973640223	0.6417865283231626	0.44925056982621386	0.3208932641615813	0.0	2.6313247661249664	0.1925359584969488	0.3208932641615813	0.06417865283231626	0.0	0.12835730566463252	0.0	0.0	0.0	0.0	0.8343224868201115	0.3208932641615813	0.06417865283231626	0.12835730566463252	0.06417865283231626	0.12835730566463252	0.0	0.0	0.44925056982621386	0.06417865283231626	0.0	0.0	0.0	0.0	0.06417865283231626	0.0	0.0	0.0	0.0	0.0	0.06417865283231626	15581505
1979	2.337704545988714	4.10677825646666	2.716791769662559	1.8954361183692274	0.8213556512933319	0.25272481578256367	0.25272481578256367	0.25272481578256367	0.0	3.095878993336405	0.3159060197282046	0.25272481578256367	0.18954361183692275	0.06318120394564092	0.3790872236738455	0.06318120394564092	0.0	0.06318120394564092	0.06318120394564092	1.0740804670758957	0.25272481578256367	0.4422684276194864	0.3790872236738455	0.12636240789128184	0.0	0.0	0.0	0.8845368552389729	0.06318120394564092	0.0	0.0	0.0	0.0	0.0	0.0	0.0	0.0	0.0	0.06318120394564092	0.06318120394564092	15827492
1980	2.6264132672695237	3.825428019718654	1.712878217784472	2.8547970296407867	1.8270700989701034	0.6851512871137887	0.28547970296407865	0.6280553465209731	0.22838376237126293	3.48285237616176	0.11419188118563146	0.34257564355689435	0.17128782177844717	0.22838376237126293	0.6280553465209731	0.0	0.05709594059281573	0.0	0.0	0.7422472277066045	0.34257564355689435	0.11419188118563146	0.17128782177844717	0.05709594059281573	0.05709594059281573	0.05709594059281573	0.05709594059281573	0.7993431682994202	0.05709594059281573	0.0	0.0	0.0	0.0	0.05709594059281573	0.0	0.0	0.0	0.0	0.0	0.0	17514380
1981	3.290349288422928	3.624961080465938	1.95190212025089	1.3942158001792069	1.226909904157702	0.8365294801075241	0.613454952078851	0.4461490560573462	0.16730589602150484	3.7364983444802746	0.05576863200716828	0.2788431600358414	0.2788431600358414	0.11153726401433656	0.16730589602150484	0.2230745280286731	0.0	0.05576863200716828	0.0	0.8922981121146925	0.2230745280286731	0.11153726401433656	0.33461179204300967	0.2230745280286731	0.0	0.0	0.0	0.8922981121146925	0.0	0.0	0.0	0.0	0.0	0.0	0.0	0.0	0.0	0.0	0.0	0.0	17931227
1982	2.911365857934288	5.4068223075922495	1.6116489570707666	1.6116489570707666	0.6238641124144902	0.9357961686217355	0.5718754363799494	0.9877848446562765	0.15596602810362256	2.963354533968829	0.05198867603454086	0.15596602810362256	0.05198867603454086	0.0	0.6238641124144902	0.10397735206908172	0.0	0.0	0.05198867603454086	1.3517055768980624	0.363920732241786	0.5718754363799494	0.5198867603454086	0.20795470413816344	0.0	0.05198867603454086	0.0	0.5198867603454086	0.05198867603454086	0.0	0.0	0.0	0.0	0.15596602810362256	0.0	0.0	0.0	0.0	0.0	0.0	19234958
1983	3.2361900981212837	5.123967655358699	1.456285544154578	1.8338410556020608	0.2696825081767737	0.4314920130828378	0.3236190098121284	0.4314920130828378	0.2157460065414189	4.207047127557669	0.1618095049060642	0.37755551144748306	0.0	0.10787300327070945	0.3236190098121284	0.10787300327070945	0.053936501635354725	0.053936501635354725	0.0	1.402349042519223	0.3236190098121284	0.10787300327070945	0.6472380196242568	0.10787300327070945	0.0	0.10787300327070945	0.0	1.3484125408838683	0.10787300327070945	0.0	0.0	0.0	0.0	0.053936501635354725	0.0	0.0	0.0	0.0	0.053936501635354725	0.1618095049060642	18540320
1984	3.5142718306299883	7.348022918589976	1.4376566579849954	2.981806401746657	0.7986981433249974	0.5857119717716648	0.4259723431066653	0.8519446862133306	0.31947925732999893	4.632449231284985	0.21298617155333266	0.4259723431066653	0.21298617155333266	0.10649308577666633	0.8519446862133306	0.10649308577666633	0.15973962866499947	0.0	0.053246542888333165	1.1181774006549963	0.4259723431066653	0.3727258002183321	0.3727258002183321	0.15973962866499947	0.053246542888333165	0.15973962866499947	0.0	1.4909032008733285	0.15973962866499947	0.0	0.053246542888333165	0.0	0.0	0.053246542888333165	0.0	0.0	0.0	0.0	0.4259723431066653	0.053246542888333165	18780562
1985	2.502655112776279	4.698862660722809	1.991909171393365	1.2257902593189938	1.0214918827658281	0.8171935062126626	0.4085967531063313	0.4596713472446227	0.10214918827658283	4.903161037275975	0.10214918827658283	0.20429837655316566	0.10214918827658283	0.0	0.9193426944892454	0.15322378241487422	0.10214918827658283	0.051074594138291414	0.0	1.481163230010451	0.5618205355212056	1.1747156651807023	0.6128951296594969	0.051074594138291414	0.0	0.0	0.051074594138291414	1.1236410710424112	0.20429837655316566	0.0	0.0	0.0	0.0	0.051074594138291414	0.0	0.0	0.0	0.0	0.051074594138291414	0.0	19579206
1986	3.593994928648531	5.222523880692397	1.684685122803999	2.5831838549661317	0.5054055368411997	1.123123415202666	0.22462468304053318	0.6177178783614663	0.11231234152026659	3.8186196116890643	0.22462468304053318	0.39309319532093306	0.056156170760133295	0.056156170760133295	0.2807808538006665	0.2807808538006665	0.056156170760133295	0.056156170760133295	0.056156170760133295	2.021622147364799	0.7300302198817329	0.22462468304053318	0.44924936608106636	0.39309319532093306	0.16846851228039988	0.0	0.0	0.9546549029222661	0.056156170760133295	0.0	0.0	0.0	0.0	0.056156170760133295	0.0	0.0	0.0	0.0	0.16846851228039988	0.056156170760133295	17807482
1987	2.164777621837024	5.527091800434954	2.164777621837024	2.0726594251631076	0.6448273767174113	0.6448273767174113	0.5527091800434955	0.5987682783804534	0.13817729501087386	4.882264423717543	0.13817729501087386	0.32241368835870565	0.09211819667391591	0.046059098336957954	0.7369455733913273	0.046059098336957954	0.13817729501087386	0.13817729501087386	0.13817729501087386	3.039900490239225	0.6908864750543693	0.41453188503262156	0.5527091800434955	0.18423639334783182	0.09211819667391591	0.18423639334783182	0.0	0.7369455733913273	0.09211819667391591	0.046059098336957954	0.0	0.046059098336957954	0.0	0.0	0.0	0.0	0.0	0.0	0.13817729501087386	0.09211819667391591	21711237
1988	2.400964654243305	5.780100093548697	1.8674169533003482	3.0678992804220004	1.2004823271216525	0.5780100093548697	0.3556984672953044	0.5780100093548697	0.0889246168238261	4.446230841191305	0.0	0.5335477009429567	0.26677385047147834	0.1778492336476522	0.889246168238261	0.13338692523573917	0.0	0.13338692523573917	0.0	2.2231154205956525	0.48908539253104355	0.4001607757072175	0.3556984672953044	0.0	0.22231154205956524	0.04446230841191305	0.0	0.6224723177667827	0.0	0.0	0.0	0.0	0.0	0.0	0.0	0.04446230841191305	0.0	0.0	0.1778492336476522	0.13338692523573917	22490960
1989	3.170561287035369	6.084050037284087	2.5707253678665154	1.7566623347087857	1.0711355699443816	0.7712176103599546	0.4712996507755278	0.4712996507755278	0.1285362683933258	5.141450735733031	0.17138169119110105	0.2570725367866516	0.2570725367866516	0.042845422797775264	0.81406303315773	0.0	0.1285362683933258	0.0	0.0	1.928044025899887	0.8569084559555052	0.4712996507755278	0.6426813419666288	0.1285362683933258	0.08569084559555053	0.0	0.042845422797775264	1.3710535295288084	0.08569084559555053	0.042845422797775264	0.0	0.042845422797775264	0.0	0.08569084559555053	0.0	0.0	0.0	0.0	0.1285362683933258	0.0	23339716
1990	3.460434975871715	6.397780943762822	2.1325936479209404	1.9314055679283988	0.9657027839641994	0.6840394719746413	0.32190092798806647	0.4828513919820997	0.24142569599104985	4.426137759835914	0.16095046399403323	0.20118807999254154	0.16095046399403323	0.12071284799552492	0.6840394719746413	0.20118807999254154	0.04023761599850831	0.08047523199701662	0.0	1.810692719932874	0.6035642399776247	0.5633266239791164	0.6438018559761329	0.04023761599850831	0.20118807999254154	0.0	0.0	0.8852275519671828	0.08047523199701662	0.0	0.0	0.0	0.0	0.0	0.0	0.0	0.0	0.0	0.04023761599850831	0.04023761599850831	24852367
1991	2.970469739531625	5.55008819754593	2.0324266638900594	1.289809229007153	0.6644471785794424	0.7426174348829062	0.31268102521385527	0.35176615336558714	0.429936409669051	4.494789737449169	0.1954256407586595	0.27359589706212334	0.1954256407586595	0.23451076891039144	0.5862769222759786	0.15634051260692763	0.07817025630346382	0.11725538445519572	0.0	2.110596920193523	0.6644471785794424	0.23451076891039144	0.8989579474898338	0.390851281517319	0.07817025630346382	0.07817025630346382	0.0	0.8989579474898338	0.15634051260692763	0.0	0.0	0.0	0.0	0.03908512815173191	0.03908512815173191	0.0	0.0	0.0	0.03908512815173191	0.0	25585179
1992	3.603945870234673	6.532151889800345	2.7405005054909495	3.07837043082545	0.9760686731885574	0.9385275703736128	0.4880343365942787	0.45049323377933415	0.26278771970461157	3.9042746927542296	0.15016441125977806	0.41295213096438965	0.07508220562988903	0.11262330844483354	0.5255754394092231	0.037541102814944514	0.11262330844483354	0.07508220562988903	0.0	2.1773839632667817	1.0511508788184463	0.3003288225195561	0.7508220562988902	0.22524661688966707	0.11262330844483354	0.037541102814944514	0.0	1.0136097760035019	0.037541102814944514	0.0	0.0	0.0	0.0	0.0	0.0	0.0	0.0	0.0	0.15016441125977806	0.037541102814944514	26637470
1993	4.103611854320814	6.1036915816368404	3.2759926568107334	1.8621431943976803	1.8276590611680934	0.6896826645917333	0.4827778652142134	0.5172619984438	0.17242066614793333	4.586389719535027	0.2413889326071067	0.41380959875504003	0.27587306583669335	0.10345239968876001	0.7931350642804934	0.06896826645917334	0.13793653291834668	0.06896826645917334	0.0	1.3793653291834667	0.7931350642804934	0.5862302649029734	0.4482937319846267	0.2413889326071067	0.06896826645917334	0.10345239968876001	0.03448413322958667	0.9310715971988401	0.0	0.0	0.0	0.0	0.0	0.06896826645917334	0.0	0.0	0.0	0.0	0.13793653291834668	0.0	28998844
1994	4.0653438626917735	7.282268136647873	3.570432435929297	2.509907950009704	1.8028916260633083	0.6716655077490757	0.4949114267624768	0.6009638753544362	0.2828065295785582	3.747186516915896	0.31815734577587795	0.5302622429597966	0.17675408098659884	0.1414032647892791	0.3535081619731977	0.0	0.07070163239463954	0.03535081619731977	0.07070163239463954	1.5907867288793898	0.7070163239463954	0.38885897817051746	1.2726293831035118	0.10605244859195931	0.03535081619731977	0.10605244859195931	0.10605244859195931	0.8837704049329943	0.0	0.0	0.0	0.0	0.03535081619731977	0.0	0.0	0.0	0.0	0.0	0.0	0.0	28287890
1995	3.221578335156987	6.0616539727295935	2.7976864489521205	1.9922918651628734	2.7552972603316337	1.2292864699941135	0.8053945837892468	0.33911350896389336	0.25433513172292	4.026972918946234	0.2967243203434067	0.25433513172292	0.16955675448194668	0.12716756586146	0.6782270179277867	0.21194594310243334	0.08477837724097334	0.04238918862048667	0.0	1.78034592206044	0.8053945837892468	0.4238918862048667	1.52601079033752	0.12716756586146	0.04238918862048667	0.12716756586146	0.0	0.6782270179277867	0.08477837724097334	0.0	0.0	0.0	0.0	0.0	0.0	0.0	0.0	0.0	0.04238918862048667	0.0	23590921
